category,strategy,rephrasing_id,n_generations,accuracy,macro_f1
interpretation,cleo,0,135.0,0.0,0.0
interpretation,cleo,1,135.0,0.0,0.0
interpretation,cleo,2,135.0,0.007407407407407408,0.00018867924528301886
interpretation,cot,0,135.0,0.42962962962962964,0.14060970913144824
interpretation,cot,1,135.0,0.42962962962962964,0.2712444050472219
interpretation,cot,2,135.0,0.5777777777777777,0.2773965358591847
interpretation,crac,0,135.0,0.0,0.0
interpretation,crac,1,135.0,0.0,0.0
interpretation,crac,2,135.0,0.0,0.0
interpretation,creac,0,135.0,0.0,0.0
interpretation,creac,1,135.0,0.0,0.0
interpretation,creac,2,135.0,0.0,0.0
interpretation,few_shot_2,0,135.0,0.5703703703703704,0.34382251926111573
interpretation,few_shot_2,1,135.0,0.7037037037037037,0.4682973761989306
interpretation,few_shot_2,2,135.0,0.6444444444444445,0.3650290648086184
interpretation,few_shot_3,0,135.0,0.6,0.23266856600189934
interpretation,few_shot_3,1,135.0,0.7037037037037037,0.4378693853427896
interpretation,few_shot_3,2,135.0,0.7333333333333333,0.35032416959987056
interpretation,irac,0,135.0,0.0,0.0
interpretation,irac,1,135.0,0.0,0.0
interpretation,irac,2,135.0,0.0,0.0
interpretation,ireac,0,135.0,0.0,0.0
interpretation,ireac,1,135.0,0.0,0.0
interpretation,ireac,2,135.0,0.0,0.0
interpretation,one_shot,0,135.0,0.562962962962963,0.32260460109430356
interpretation,one_shot,1,135.0,0.6592592592592592,0.4261075428194993
interpretation,one_shot,2,135.0,0.6814814814814815,0.37389770723104054
interpretation,role_based,0,135.0,0.6370370370370371,0.3532091097308489
interpretation,role_based,1,135.0,0.5777777777777777,0.24001344870910085
interpretation,role_based,2,135.0,0.6444444444444445,0.41686845849109555
interpretation,structured,0,135.0,0.22962962962962963,0.0701965866883408
interpretation,structured,1,135.0,0.5111111111111111,0.29280474427533254
interpretation,structured,2,135.0,0.4148148148148148,0.2706396794694667
interpretation,treacc,0,135.0,0.0,0.0
interpretation,treacc,1,135.0,0.0,0.0
interpretation,treacc,2,135.0,0.0,0.0
interpretation,zero_shot,0,135.0,0.5777777777777777,0.26710832481140606
interpretation,zero_shot,1,135.0,0.6074074074074074,0.4519680419381018
interpretation,zero_shot,2,135.0,0.6296296296296297,0.38548633137423083
issue-spotting,cleo,0,135.0,0.9259259259259259,0.9259218612818262
issue-spotting,cleo,1,135.0,0.8222222222222222,0.2458256029684601
issue-spotting,cleo,2,135.0,0.9037037037037037,0.9036825640744196
issue-spotting,cot,0,135.0,0.9037037037037037,0.6089159067882473
issue-spotting,cot,1,135.0,0.9185185185185185,0.6165186798458704
issue-spotting,cot,2,135.0,0.9185185185185185,0.9180689655172414
issue-spotting,crac,0,135.0,0.8888888888888888,0.4477861319966583
issue-spotting,crac,1,135.0,0.9111111111111111,0.9111062335381914
issue-spotting,crac,2,135.0,0.9111111111111111,0.9110671936758893
issue-spotting,creac,0,135.0,0.8888888888888888,0.5946823026145961
issue-spotting,creac,1,135.0,0.9111111111111111,0.6141414141414141
issue-spotting,creac,2,135.0,0.8888888888888888,0.8887912570706793
issue-spotting,few_shot_2,0,135.0,0.9037037037037037,0.6044013233708784
issue-spotting,few_shot_2,1,135.0,0.9037037037037037,0.9019607843137254
issue-spotting,few_shot_2,2,135.0,0.8962962962962963,0.8946253345227475
issue-spotting,few_shot_3,0,135.0,0.9037037037037037,0.9033643521832497
issue-spotting,few_shot_3,1,135.0,0.9185185185185185,0.9182313749242883
issue-spotting,few_shot_3,2,135.0,0.8962962962962963,0.8962450592885376
issue-spotting,irac,0,135.0,0.8888888888888888,0.3007918552036199
issue-spotting,irac,1,135.0,0.7407407407407407,0.4081245001332978
issue-spotting,irac,2,135.0,0.8814814814814815,0.8814749780509219
issue-spotting,ireac,0,135.0,0.8814814814814815,0.4457790749887741
issue-spotting,ireac,1,135.0,0.7111111111111111,0.1329855072463768
issue-spotting,ireac,2,135.0,0.8888888888888888,0.6013574660633484
issue-spotting,one_shot,0,135.0,0.9185185185185185,0.9182313749242883
issue-spotting,one_shot,1,135.0,0.9259259259259259,0.9254308440123729
issue-spotting,one_shot,2,135.0,0.8888888888888888,0.8884973294422114
issue-spotting,role_based,0,135.0,0.9333333333333333,0.9330983976653269
issue-spotting,role_based,1,135.0,0.9185185185185185,0.9182313749242883
issue-spotting,role_based,2,135.0,0.9333333333333333,0.9329655172413793
issue-spotting,structured,0,135.0,0.9185185185185185,0.9180689655172414
issue-spotting,structured,1,135.0,0.9111111111111111,0.9107142857142857
issue-spotting,structured,2,135.0,0.9185185185185185,0.9180689655172414
issue-spotting,treacc,0,135.0,0.7333333333333333,0.4088547008547009
issue-spotting,treacc,1,135.0,0.4962962962962963,0.25775075987841944
issue-spotting,treacc,2,135.0,0.7481481481481481,0.5463459882064533
issue-spotting,zero_shot,0,135.0,0.9111111111111111,0.9110671936758893
issue-spotting,zero_shot,1,135.0,0.9333333333333333,0.9332013854527461
issue-spotting,zero_shot,2,135.0,0.9259259259259259,0.9258241758241759
rhetorical-understanding,cleo,0,135.0,0.0,0.0
rhetorical-understanding,cleo,1,135.0,0.0,0.0
rhetorical-understanding,cleo,2,135.0,0.0,0.0
rhetorical-understanding,cot,0,135.0,0.15555555555555556,0.05149245218449371
rhetorical-understanding,cot,1,135.0,0.2740740740740741,0.16174026767132135
rhetorical-understanding,cot,2,135.0,0.3111111111111111,0.20880879520042084
rhetorical-understanding,crac,0,135.0,0.0,0.0
rhetorical-understanding,crac,1,135.0,0.0,0.0
rhetorical-understanding,crac,2,135.0,0.0,0.0
rhetorical-understanding,creac,0,135.0,0.0,0.0
rhetorical-understanding,creac,1,135.0,0.0,0.0
rhetorical-understanding,creac,2,135.0,0.0,0.0
rhetorical-understanding,few_shot_2,0,135.0,0.31851851851851853,0.37726003087837334
rhetorical-understanding,few_shot_2,1,135.0,0.32592592592592595,0.39566704359715915
rhetorical-understanding,few_shot_2,2,135.0,0.2962962962962963,0.3724513933509435
rhetorical-understanding,few_shot_3,0,135.0,0.4,0.4038882570325933
rhetorical-understanding,few_shot_3,1,135.0,0.3851851851851852,0.4215061391266371
rhetorical-understanding,few_shot_3,2,135.0,0.4074074074074074,0.33687741013608913
rhetorical-understanding,irac,0,135.0,0.0,0.0
rhetorical-understanding,irac,1,135.0,0.0,0.0
rhetorical-understanding,irac,2,135.0,0.0,0.0
rhetorical-understanding,ireac,0,135.0,0.0,0.0
rhetorical-understanding,ireac,1,135.0,0.0,0.0
rhetorical-understanding,ireac,2,135.0,0.0,0.0
rhetorical-understanding,one_shot,0,135.0,0.26666666666666666,0.290678941887941
rhetorical-understanding,one_shot,1,135.0,0.2740740740740741,0.2665181472199016
rhetorical-understanding,one_shot,2,135.0,0.28888888888888886,0.2777056277056277
rhetorical-understanding,role_based,0,135.0,0.21481481481481482,0.08705997535490624
rhetorical-understanding,role_based,1,135.0,0.21481481481481482,0.18212930728982094
rhetorical-understanding,role_based,2,135.0,0.2740740740740741,0.1894576012223071
rhetorical-understanding,structured,0,135.0,0.2962962962962963,0.17549042266320725
rhetorical-understanding,structured,1,135.0,0.25925925925925924,0.17635170779187007
rhetorical-understanding,structured,2,135.0,0.2740740740740741,0.2194148131416062
rhetorical-understanding,treacc,0,135.0,0.0,0.0
rhetorical-understanding,treacc,1,135.0,0.0,0.0
rhetorical-understanding,treacc,2,135.0,0.0,0.0
rhetorical-understanding,zero_shot,0,135.0,0.15555555555555556,0.07884922095448411
rhetorical-understanding,zero_shot,1,135.0,0.2740740740740741,0.1697671207658321
rhetorical-understanding,zero_shot,2,135.0,0.2,0.16054421768707483
rule-application_conclusion,cleo,0,135.0,0.5481481481481482,0.28037542558993495
rule-application_conclusion,cleo,1,135.0,0.45185185185185184,0.3418970625544425
rule-application_conclusion,cleo,2,135.0,0.2740740740740741,0.17303950937318077
rule-application_conclusion,cot,0,135.0,0.6074074074074074,0.5307179281969199
rule-application_conclusion,cot,1,135.0,0.5925925925925926,0.4731136659094192
rule-application_conclusion,cot,2,135.0,0.674074074074074,0.5968131630795918
rule-application_conclusion,crac,0,135.0,0.4148148148148148,0.1421676243374264
rule-application_conclusion,crac,1,135.0,0.37777777777777777,0.1382976449210817
rule-application_conclusion,crac,2,135.0,0.3333333333333333,0.17535392535392536
rule-application_conclusion,creac,0,135.0,0.32592592592592595,0.10546369516161917
rule-application_conclusion,creac,1,135.0,0.362962962962963,0.16512878259467761
rule-application_conclusion,creac,2,135.0,0.3851851851851852,0.19355213799658244
rule-application_conclusion,few_shot_2,0,135.0,0.562962962962963,0.4271867288125794
rule-application_conclusion,few_shot_2,1,135.0,0.5333333333333333,0.5546514566549956
rule-application_conclusion,few_shot_2,2,135.0,0.5481481481481482,0.4856381978576498
rule-application_conclusion,few_shot_3,0,135.0,0.5037037037037037,0.5429290057384117
rule-application_conclusion,few_shot_3,1,135.0,0.5185185185185185,0.5378018399314547
rule-application_conclusion,few_shot_3,2,135.0,0.4888888888888889,0.4243427470490684
rule-application_conclusion,irac,0,135.0,0.6148148148148148,0.41987453359537436
rule-application_conclusion,irac,1,135.0,0.25925925925925924,0.21289143443738698
rule-application_conclusion,irac,2,135.0,0.48148148148148145,0.2714577655681399
rule-application_conclusion,ireac,0,135.0,0.5407407407407407,0.42125850340136056
rule-application_conclusion,ireac,1,135.0,0.16296296296296298,0.07719041939972174
rule-application_conclusion,ireac,2,135.0,0.4666666666666667,0.31303988892641377
rule-application_conclusion,one_shot,0,135.0,0.4740740740740741,0.3405747511803727
rule-application_conclusion,one_shot,1,135.0,0.4962962962962963,0.5042857142857142
rule-application_conclusion,one_shot,2,135.0,0.5185185185185185,0.38834328657467215
rule-application_conclusion,role_based,0,135.0,0.6888888888888889,0.7061764222305997
rule-application_conclusion,role_based,1,135.0,0.7111111111111111,0.452025542658535
rule-application_conclusion,role_based,2,135.0,0.6,0.6282170353008744
rule-application_conclusion,structured,0,135.0,0.5851851851851851,0.5103848852661457
rule-application_conclusion,structured,1,135.0,0.6,0.5295972984824221
rule-application_conclusion,structured,2,135.0,0.5777777777777777,0.6126622640439884
rule-application_conclusion,treacc,0,135.0,0.21481481481481482,0.24549259542037236
rule-application_conclusion,treacc,1,135.0,0.02962962962962963,0.06043956043956044
rule-application_conclusion,treacc,2,135.0,0.1111111111111111,0.1608433725936786
rule-application_conclusion,zero_shot,0,135.0,0.4962962962962963,0.42855308314512097
rule-application_conclusion,zero_shot,1,135.0,0.4962962962962963,0.43277510434373173
rule-application_conclusion,zero_shot,2,135.0,0.4740740740740741,0.3498594406315986
rule-recall,cleo,0,135.0,0.4222222222222222,0.39006024096385544
rule-recall,cleo,1,135.0,0.42962962962962964,0.4076585560430794
rule-recall,cleo,2,135.0,0.3925925925925926,0.3372844827586207
rule-recall,cot,0,135.0,0.5555555555555556,0.551395657953035
rule-recall,cot,1,135.0,0.5111111111111111,0.47140484100616986
rule-recall,cot,2,135.0,0.48148148148148145,0.45987654320987653
rule-recall,crac,0,135.0,0.48148148148148145,0.28309997543601084
rule-recall,crac,1,135.0,0.5333333333333333,0.52668484612388
rule-recall,crac,2,135.0,0.562962962962963,0.5625789444780054
rule-recall,creac,0,135.0,0.6074074074074074,0.30488351254480284
rule-recall,creac,1,135.0,0.5481481481481482,0.5417107240247092
rule-recall,creac,2,135.0,0.6222222222222222,0.41368381804623416
rule-recall,few_shot_2,0,135.0,0.5777777777777777,0.4822017360877464
rule-recall,few_shot_2,1,135.0,0.5555555555555556,0.48811931243680484
rule-recall,few_shot_2,2,135.0,0.5555555555555556,0.5103965183752418
rule-recall,few_shot_3,0,135.0,0.6074074074074074,0.5773524720893142
rule-recall,few_shot_3,1,135.0,0.6,0.46927781013395453
rule-recall,few_shot_3,2,135.0,0.6,0.48863636363636365
rule-recall,irac,0,135.0,0.5037037037037037,0.4700919796121624
rule-recall,irac,1,135.0,0.45925925925925926,0.412728681246648
rule-recall,irac,2,135.0,0.42962962962962964,0.3470887507066139
rule-recall,ireac,0,135.0,0.4666666666666667,0.42335073564309444
rule-recall,ireac,1,135.0,0.45185185185185184,0.16495592319768143
rule-recall,ireac,2,135.0,0.4888888888888889,0.4396992481203008
rule-recall,one_shot,0,135.0,0.5851851851851851,0.5748987854251013
rule-recall,one_shot,1,135.0,0.5703703703703704,0.5495858260469397
rule-recall,one_shot,2,135.0,0.5333333333333333,0.528260025514449
rule-recall,role_based,0,135.0,0.6222222222222222,0.5621621621621622
rule-recall,role_based,1,135.0,0.562962962962963,0.3383140800267872
rule-recall,role_based,2,135.0,0.5851851851851851,0.5026315789473684
rule-recall,structured,0,135.0,0.5851851851851851,0.39999999999999997
rule-recall,structured,1,135.0,0.5481481481481482,0.27313432835820894
rule-recall,structured,2,135.0,0.5333333333333333,0.23880597014925373
rule-recall,treacc,0,135.0,0.43703703703703706,0.25650801459435085
rule-recall,treacc,1,135.0,0.3925925925925926,0.20302964254577158
rule-recall,treacc,2,135.0,0.4666666666666667,0.2810077519379845
rule-recall,zero_shot,0,135.0,0.5925925925925926,0.5489338436303991
rule-recall,zero_shot,1,135.0,0.5851851851851851,0.46969696969696967
rule-recall,zero_shot,2,135.0,0.5925925925925926,0.5003700962250185
