index,answer,text,document_name,split
0,Yes,"b. Notwithstanding the foregoing, the parties' duty to hold in confidence Confidential Information that was disclosed during term shall remain in effect indefinitely. ", 064-19 Non Disclosure Agreement 2019.pdf,train
1,Yes,"Confidentiality obligations shall survive termination of this Agreement for the Period of Confidentiality set forth above unless the Confidential Information is a trade secret, in which case the confidentiality obligations shall continue for as long as the information is a trade secret.  Sections 1, 2, 3, 4, 5, 6, 17, 18, 19 and any sections (or parts thereof) which, by their nature, are intended to survive termination shall survive termination of this Agreement. ",01_Bosch-Automotive-Service-Solutions-Mutual-Non-Disclosure-Agreement-7-12-17.pdf,train
2,Yes,8. The undertakings in clauses 2 and 3 will continue in force indefinitely. ,118.3-Non-disclosure-agreement.pdf,train
3,Yes,The obligations of the Receiving Party under this Agreement shall survive the termination of this Agreement or the return of the Confidential Information to the Disclosing Party. ,130806ca141.pdf,train
4,No,This Agreement and Recipient’s obligation to keep Confidential Information confidential expires three (3) years after the Effective Date. ,Template-NDA-2-way-final-1.pdf,train
5,No,"Without granting any right or license, the Disclosing Party agrees that the foregoing clauses  (i),  (ii),  (iii) and  (v) shall not apply with respect to all obligations after five (5) years following the disclosure thereof or any information that the Receiving Party can document  ",1002276_0001036050-99-002047_document_13.txt,train
6,No,The terms of this section “Use of Evaluation Materials” shall remain in effect for 2 years from the effective date of this agreement. The terms of this section “Non-Disclosure” shall remain in effect for 2 years from the effective date of this agreement. ,814457_0000950137-04-009790_c89545exv99wxdyx6y.htm,train
7,No,9. This Agreement shall expire and cease to have any force or effect on the earlier of  (i) eighteen months from the date hereof or  (ii) the date of consummation of a transaction between the parties. ,1062478_0001193125-14-442753_d838170dex3.htm,train
0,Yes,I fully understand and agree that all information relating to any client of The Business Partnership and supplied to me will be kept strictly confidential.  I acknowledge that this Agreement shall remain in force in perpetuity.  ,41629_1.pdf,test
1,Yes,"3.1. In consideration of the Disclosing Party disclosing Confidential Information to the Receiving Party, the Receiving Party undertakes that it shall: a) keep the Confidential Information secret and confidential, using at least the same degree of care as its uses to protect its own confidential information but no less than a reasonable degree of care; 10.2. The rights and obligations contained in this Agreement shall continue in full force and effect for [two (2)] years after expiration of the Term or termination of this Agreement. ",5-NSK-Confidentiality-Agreement-for-Suppliers.pdf,test
2,Yes,"Subject to the terms of the NDA the Receiving Party hereby undertakes to the Disclosing Party: a) that it shall treat the Confidential Information directly or indirectly disclosed to it by the Disclosing Party as strictly confidential and will not without obtaining the prior written consent of the Disclosing Party disclose any part of the Confidential Information to any third party, except where compelled by law or regulation; However, all Confidential Information exchanged during the validity hereof shall be subject to the obligations and restrictions under the NDA (including the undertakings in Clause 13 and 14 below) for a period of five years following expiration or other termination of the NDA. ",54c808c1b20e4490b1300ad2ce3b9649.pdf,test
3,Yes,"7.3.1. The obligations of confidentiality, non-disclosure and non-use set forth in this Confidentiality Agreement shall survive the termination or expiration of this Confidentiality Agreement  ",59b1148ff6952b0001bdbedc_20170907_non%20disclosure%20agreement_expert.pdf,test
4,Yes,2.3 A Receiving Party’s obligations in respect of Conﬁdential Information made available by the Disclosing Party pursuant to this Agreement shall continue notwithstanding the termination of the Purpose. 3.1 A Receiving Party shall treat and safeguard as private and conﬁdential all of the Conﬁdential Information and will take all reasonable precautions in dealing with any Conﬁdential Information so as to prevent any third party from having access to the Conﬁdential Information. ,5bfbcabf0627e70bdcfc5b32_nda-ready4s.pdf,test
5,Yes,"The obligations accruing prior to termination as set forth herein, shall, however, survive the termination of this Agreement for a period of two years. ",ADVANIDE-NON-DISCLOSURE-AGREEMENT.pdf,test
6,Yes,"This Agreement shall apply to any CONFIDENTIAL INFORMATION that may have been provided to the RECEIVING PARTY prior to or after the date hereof, and shall continue to govern the delivery of CONFIDENTIAL INFORMATION until terminated by written notice from either party to the other, except that the obligations of the parties hereunder with regard to CONFIDENTIAL INFORMATION disclosed prior to termination shall continue for a period for two (2) years thereafter. ",AGProjects-NDA.pdf,test
7,Yes,"The Receiving Party agrees that it will, during or after the course of their relationship and/or the term of this Agreement as described in clause 9, keep the Confidential Information in the strictest confidence and will not disclose it to any third party for any reason or purpose whatsoever without the prior written consent of the Disclosing Party, save in accordance with the provisions of this Agreement, and the Parties undertake to each other that their holding and subsidiary companies or agents shall be bound by the provisions of this Agreement.  ",AfriGIS_Client-NDA_Template_2019.pdf,test
8,Yes,"The obligations of each Party shall, notwithstanding any earlier termination of negotiations or discussions between the Parties in relation to the Purpose, continue for a period of five (5) years from the termination of this Agreement. ",Aspiegel_NDA_template.pdf,test
9,Yes,"The restrictions and obligations under this Agreement shall survive any expiration, termination or cancellation of this Agreement and shall continue to bind Recipient, its successors and assigns. ",Attachment B - Intent to Propose and Non-Disclosure Agreement.pdf,test
10,Yes,"Termination of this agreement will not change any of the rights and duties made while this agreement is in effect. Except as permitted above, neither of us will use nor disclose the other's confidential information for three years after we receive it.  5. General rights, obligations and miscellaneous. ",BCG-Mutual-NDA.pdf,test
11,Yes,"Notwithstanding the return of the Confidential Information, the Receiving Party will continue to be bound by its obligations of confidentiality and other obligations hereunder. Notwithstanding whether or not the Proposed Transactions are concluded, the Receiving Party shall maintain the Confidential Information in confidence and in accordance with the terms of this Agreement for a period of five (5) years from the date of disclosure. ",BT_NDA.pdf,test
12,Yes,"The nondisclosure provisions of this Agreement shall survive the termination of this Agreement and Receiving Party's duty to hold Confidential Information in confidence shall remain in effect until the Confidential Information no longer qualifies as a trade secret or until Disclosing Party sends Receiving Party written notice releasing Receiving Party from this Agreement, whichever occurs first. ",Basic-Non-Disclosure-Agreement.pdf,test
13,Yes,In consideration of the said discussions both parties agree: 6) that the provisions of this agreement shall last for the duration of the discussions relating to the Proposed Transaction and for 2 years following their conclusion. ,Business-Sale-Non-Disclosure-Agreement.pdf,test
14,Yes,"b. This Agreement shall be valid when signed by duly authorised representatives of the Parties and shall be binding on each Party for 10 (ten) years as from the date of signature of the last signatory, even if at the end of the negotiations a data sharing agreement is not signed between the Parties, or until such time as the Information enters into the public domain. ",CA-Nov14-Doc.5.14%20-%20Template%20Confidentiality%20Agreement.pdf,test
15,Yes,"11. Unless and until I am released in writing by an authorized representative of the Department of Homeland Security (if permissible for the particular category of information), I understand that all conditions and obligations imposed upon me by this Agreement apply during the time that I am granted conditional access, and at all times thereafter. ",CBP%20Non-Disclosure%20Form_October2018.pdf,test
16,Yes,"14. This Agreement shall come into force on the Effective Date and shall continue in full force and effect, notwithstanding the completion of the Purpose, for a period of seven years from the Effective Date unless extended, superseded or otherwise varied by a subsequent written agreement between the Parties. ",CCS-Salt-Cavern-RfP-NDA.pdf,test
17,Yes,(b) This Agreement will continue from the Effective Date for the period of cooperation between the parties and a period of three (3) years after expiration of the cooperation.  The parties’ obligations under Section 2 will survive any termination or expiration of this Agreement.  ,amc-general-mutual-non-disclosure-agreement-en-gb.pdf,test
18,Yes,"This agreement will come into effect on the date of signature by both parties and will continue indefinitely, subject to any subsequent agreement entered into between the parties in relation to the purpose which includes obligations relating to the protection of confidential information.  ",annex-iii---nda-agreement..pdf,test
19,Yes,"This Section shall survive any termination, expiration or cancellation of this Non-Disclosure Agreement.  The Parties shall, and shall cause their respective Representatives to, continue to comply with this Section notwithstanding expiration of the Term (as such term is defined below) or any earlier termination of this Non-Disclosure Agreement. Except with respect to any Information that is Customer Information, CEII or Personal Information, Recipient’s obligations and duties under this Non-Disclosure Agreement shall have a term of [ ] [()] years from the Effective Date (the “Term”), but in no event will the confidentiality obligations herein terminate less than one (1) year from the date of the last disclosure.  Notwithstanding any such termination, all rights and obligations hereunder shall survive  (i) for the Special Information Term for all Customer Information, CEII or Personal Information disclosed prior to such termination, and  (ii) for the Term for all other Information disclosed prior to such termination. ",appendix-g-nda-form.pdf,test
20,Yes,"The expiration or termination of this Agreement shall not affect such of the provisions of this Agreement as expressly provide that they will operate after any such expiration or termination or which of necessity must continue to have effect after such expiration or termination, notwithstanding that the clauses themselves do not expressly provide for this. ",buyer_profile.pdf,test
21,Yes,Receiving Party’s obligations in relation to technical and personally-identifiable information shall be indefinite. ,casino-nondisclosure-agmt.pdf,test
22,Yes,"Regardless of any termination of any business relationship between the Parties, the obligations and commitments established by this Agreement shall remain in full force and effect. This Agreement shall survive indefinitely and shall not be affected by the performance, termination or expiration of any other obligations or agreements between the Disclosing Parties and Receiving Party. ",ceii-and-nda.pdf,test
23,Yes,"Any disclosure of any Confidential Information to the Receiving Party made during the Initial Term shall continue to be subject to this Agreement for a period of 2 years thereafter, provided that any trade secret shall be entitled to protection for the life of the trade secret. 5.4 Notwithstanding anything in section 5.3, the Receiving Party shall not be obliged to return or destroy any derivative materials or reports prepared by the Receiving Party for the Permitted Purpose, which materials and reports shall nonetheless remain subject to the confidentiality obligations in this Agreement. ",CON-NDA-PTL-01-2012-v1%20Non-Disclosure%20Agreement%20and%20Checklist.pdf,test
24,Yes,11. The end or termination of this Agreement shall not relieve the receiving Party of complying with the obligations imposed by paragraph 4 thereof with respect to the use and protection of the Proprietary Information received prior to the date of termination or end of this Agreement.  Such obligations shall continue for the period applicable as set forth in said paragraph. ,Clause-de-non-divulgation.pdf,test
25,Yes,"With respect to such backup computer files, the non-use and confidentiality obligations set forth in this Agreement shall apply in perpetuity and survive expiration or termination of this Agreement. 22. This Agreement will continue indefinitely, unless otherwise agreed in writing by the Receiver. ",Confidentiality%20Agreement.pdf,test
26,Yes,This Agreement shall survive the termination of the services to be provided by VENDOR or any other agreement by and between the parties. ,Confidentiality-and-Nondisclosure-Agreement-Template.pdf,test
27,Yes,"Notwithstanding the return or destruction of any Confidential Information, each Party shall continue to be bound by its obligations o f confidentiality and other obligations hereunder. ",Confidentiality_Non-Disclosure_Agreement.pdf,test
28,Yes,"Notwithstanding the Parties entering into any further agreement or arrangement, or any other event or occurrence, the provisions of this Agreement relating to nondisclosure (including the provisions relating to the breach of this Agreement) or use of the Information shall remain in full force and effect for ________ years or as long as the Information is confidential and non-public, whichever is less, unless otherwise agreed to in writing by the Parties hereto. ",confidentiality-agreement.pdf,test
29,Yes,"However, all obligations of confidentiality and non-use will survive the termination of this Agreement. ",confidentiality_agreement.pdf,test
30,Yes,"6. If any of the Parties determine that they do not wish to proceed or continue with the Business Under Discussion, it will promptly advise the other Party of that decision in writing or by email.  Upon receipt of such communication the Receiving Party shall destroy promptly all documents furnished and will not retain any copies, extracts or other reproductions in whole or in part of such Information.  Notwithstanding the foregoing, the Receiving Party shall be entitled to retain that portion of the Information for legal, regulatory or internal compliance purposes, which will continue to be treated as confidential on the terms hereof. ",eHandshake_Non_Disclosure_Agreement.pdf,test
31,Yes,The obligations in this agreement survive the termination or purported termination of this agreement. ,ICTSC-NDA-General-MandA-signed.pdf,test
32,Yes,"This Agreement shall survive until the earlier of  (i) such time as all the material disclosed hereunder becomes publicly known pursuant to Section 15 of the Consortium Agreement and made generally available without violation of this Agreement, or  (ii) twelve (12) years from date of Registration. If any one or more of the provisions of this Agreement shall for any reason be invalid, illegal or unenforceable, such circumstance shall not affect any other provision of the Agreement and the Agreement shall continue in full force and effect and be construed as if such provision, to the extent that it is invalid, illegal or unenforceable, had never been contained herein or therein. ","IMOA%20Molybdenum%20Consortium%20NDA%20Agreement%20amended%20Jan%2008,%20valid%20March%2009%20onwards.pdf",test
33,Yes,"The term of this Agreement is two (2) years from the Effective Date, provided that the Receiving Party's duty to protect the Disclosing Party's Confidential Information shall survive expiration or termination of this Agreement and shall expire five (2) years from the date of disclosure. ",MUTUAL_NDA.pdf,test
34,Yes,"The obligations of each receiving party hereunder shall survive for a period of five years after the disclosure of the Confidential Information or until such time as all Confidential Information of the other party disclosed hereunder becomes publicly known and made generally available through no action or inaction of the receiving party, whichever is earlier.  ",Mutual-Non-Disclosure-Agreement-Inventor-Product-Development-Experts-Inc..pdf,test
35,Yes,9.4. This Agreement shall apply without limit of time to all Confidential Information disclosed in connection with the Purpose. ,mutual-non-disclosure-agreement.pdf,test
36,Yes,"12. If any provision of this Agreement is determined to be in violation of applicable law, then such provision shall be void and the other provisions of this Agreement shall remain in full force and effect.  ",NDA-Template-Media-News-Group-inc.pdf,test
37,Yes,"This Agreement will come into force on the [date of its execution]6 and will continue in force [indefinitely, unless and until terminated in accordance with Clause [5] / until [date] [event], upon which it will terminate automatically, unless terminated in accordance with Clause [5]]. Upon termination: (b) all the provisions of this Agreement will cease to have effect, save that the following provisions of this Agreement will survive and continue to have effect (in accordance with their terms or otherwise indefinitely): Clauses [1, 3, 5.2 to 5.4, and 6]. ",NDA-Urban_Wind_Turbines.pdf,test
38,Yes,"All disclosures of Confidential Information (whether written or oral) by Party One and Party Two shall  (a) remain in confidence for a period of three (3) years from the date of disclosure, except that any trade secrets or information with respect to Party  One products or research and development will remain in confidence in perpetuity;  ",NDAMutualTemplateClientFill.pdf,test
39,Yes,"2.1. Either party agrees that it shall ensure that it and its associated companies and their respective officers and employees shall keep confidential, both during and after the duration of the agreement, all information which: ",NDA_ResConnect.pdf,test
40,Yes,"The Recipient’s confidentiality obligations under this Agreement shall survive and subsist indefinitely in relation to any Confidential Information (notwithstanding the prior termination or expiry of this Agreement). If any provision of this Agreement (or part of any provision) is or becomes illegal, invalid or unenforceable, the legality, validity and enforceability of any other provision of this Agreement shall not be affected. ",NDA_Street_Stream_Franchise.pdf,test
41,Yes,The delivery of such material shall not relieve Recipient of its obligation of confidentiality or other obligations hereunder. 2009. The obligations pursuant to Article 2 shall remain valid for the Recipient even after the end of this agreement for a period of five (5) years thereafter. ,NDA_V3.pdf,test
42,Yes,"Notwithstanding the term of the Agreement, the Parties undertake to maintain the confidentiality obligation for a period of three (3) years after Confidential Information disclosure. ",non-disclosure-agreement-en.pdf,test
43,Yes,"The non-disclosure provisions of this Agreement shall survive the termination of this Agreement and Receiving Party's duty to hold Sensitive Information in confidence shall remain in effect until the Sensitive Information no longer qualifies as a trade secret or otherwise needing protection until Disclosing Party sends Receiving Party written notice releasing Receiving Party from this Agreement, whichever occurs first. ",non-disclosure-agreement-template.pdf,test
44,Yes,The Recipient/ remains bound by these provisions unless VELCO rescinds the Classified Information designation. ,VELCO%20NDA%20rev0%20Dec%2014%202015.pdf,test
45,Yes,"This Agreement shall survive the execution of any subsequent contract between the parties hereto, excepting solely if the subsequent contract relates to the Matter and expressly addresses Recipient's non-disclosure obligations with respect to the Matter. ",65781_0000950123-00-009565_y41542ex99-d_3.txt,test
46,Yes,This Agreement shall remain in full force and effect for two years.  Any causes of action accrued on or before the expiration of such period shall survive the expiration of the applicable statute of limitations. ,768384_0000912057-00-018619_document_8.txt,test
47,Yes,"However, all obligations of confidentiality shall survive the termination of this Agreement.  ",883905_0001095811-01-000469_f68556ex99-d12.txt,test
48,Yes,"However, unless at least one of the exceptions set for in Section 4 below has occurred, the receiving party will continue to treat such confidential Information as the confidential information of the disclosing party and only disclose any such Confidential Information to third parties under the terms of a non-disclosure agreement. Either party may terminate this Agreement at any time without cause upon written notice to the other party: provided that each party's obligations with respect to Confidential Information disclosed during the term of this Agreement will survive any such termination.  ",934545_0000891618-99-004640_document_2.txt,test
49,Yes,"This Section shall survive termination of this Agreement. In the event of termination of this Agreement, all obligations of confidentiality shall survive and continue to bind Recipient in accordance with their terms. ",1042282_0000893220-02-000791_e61414toexv99wxdywx1y.txt,test
50,Yes,"Any Confidential Information that is not returned or destroyed, including without limitation any oral Confidential Information, shall remain subject to the confidentiality obligations set forth in this Exhibit B. ",1043003_0000950170-98-000097_document_12.txt,test
51,Yes,Except as so limited all of the obligations of this Article 5 survive expiration or termination of this agreement. In the event of any termination arising as a result of a breach by ANUBIS: (a) SCAM shall not be relieved of any obligation to make further shipments of the Product hereunder and may not (even in the event that the contract was terminated as a result of a breach by ANUBIS) cancel all ANUBIS's unshipped orders for the Product.  SCAM shall have an obligation to ANUBIS in connection with of any unshipped orders pursuant to this paragraph. ,1073090_0001356564-06-000012_sorell10ksbamend2x102.txt,test
52,Yes,"5. The obligations of each and every Party, and each employee and officer of each Party Under this Agreement will expire five (5) years from the termination of the JRA. ",1084000_0001144204-06-046785_v056501_ex10-16.txt,test
53,Yes,11. This agreement shall become effective on the date it is fully executed and delivered by both parties and both this agreement and the duties of the parties hereunder shall continue for a period of two years after the last disclosure of information made hereunder. ,1120792_0001019687-05-002206_morgan_10qex5-2.txt,test
54,Yes,All sections of this Agreement relating to the rights and obligations of the parties concerning Confidential Information disclosed during the term of the Agreement shall survive any such termination. ,1125892_0000950133-00-004441_w41075a1ex10-7.txt,test
55,Yes,"The obligations of confidentiality and limitations on use under this Agreement shall survive termination of this Agreement for a period of five (5) years from the execution of this Agreement; PROVIDED, HOWEVER, notwithstanding the term of this Agreement, any provisions hereof that by their nature extend beyond such term or termination shall remain in effect beyond such term or termination under this Section 6 until fulfilled and shall apply to either Party's successors and assigns. ",1173495_0001047469-03-033872_a2118144zex-10_12.txt,test
56,Yes,"Notwithstanding the return, destruction or continued possession pursuant to the terms of this Section 5 of the Confidential Information, the Receiving Party and the Receiving Party’s Representatives will continue to be bound by the Receiving Party’s obligations of confidentiality and other obligations and agreements hereunder. ",802724_0001193125-15-331613_d96542dex99d5.htm,test
57,Yes,"10. Either Party may terminate this Agreement at will by written notice to the other Party and, if not terminated earlier, shall terminate automatically one (1) year from the Effective Date, except the obligations of use and confidentiality pursuant to Sections 2 shall continue for a period of two (2) years from the Effective Date, ",850313_0000950149-07-000090_f28028toexv99wxdyx2y.htm,test
58,Yes,"Notwithstanding the return to the Company or destruction of Confidential Information pursuant to this Section 7, the Receiving Party and its Representatives will continue to be bound by their confidentiality obligations and other obligations under this Agreement for the term hereof.  ",912263_0001047469-12-006662_a2209873zex-99_d2.htm,test
59,Yes,"Notwithstanding the return to the Company or destruction of Confidential Information pursuant to this Section 7, the Receiving Party and its Representatives will continue to be bound by their confidentiality obligations and other obligations under this Agreement for the term hereof.  Notwithstanding the foregoing,  (a) the Receiving Party’s legal department and/or outside counsel may keep one copy of the Confidential Information (in electronic or paper form) and, with respect to the Receiving Party’s Representatives who are accounting firms, such firms may keep one copy of the Confidential Information, in each case, if required to comply with applicable law or regulation and  (b) the Receiving Party and its Representatives may retain Confidential Information to the extent it is “backed-up” on its or their (as the case may be) electronic information management and communications systems or servers, is not available to an end user and cannot be expunged without considerable effort; provided, that any such information so retained pursuant to clauses  (a) and  (b) of this Section 7 shall be held in compliance with the terms of this Agreement for a period of eighteen months from the date hereof. Except as otherwise specified herein, the obligations of the parties set forth in this Agreement shall terminate and be of no further force and effect eighteen months from the date hereof. ",912263_0001193125-12-285724_d371520dex99e4.htm,test
60,Yes,"Notwithstanding the return or destruction of the Evaluation Material, each party and its Representatives will continue to be bound by its obligations of confidentiality and other obligations hereunder for a period ending on the second anniversary of the Effective Date. ",1001113_0000950134-07-005231_f27921orexv99wxdyx3y.htm,test
61,Yes,"Notwithstanding the return or destruction of the Confidential Information, each party and its Representatives will continue to be bound by the confidentiality and other obligations hereunder.  ",1010552_0000912057-01-520246_a2051644zex-99_20.htm,test
62,Yes,"This Agreement may be terminated by either party upon thirty (30) days written notice, provided however, that Paragraphs 3, 4, 5, and 7 shall survive any termination of this Agreement. ",1011344_0001193125-08-097987_dex99d5.htm,test
63,Yes,"The obligations of each party hereunder will continue and be binding irrespective of whether the discussion between the parties materialise into a specific understanding/business relationship or not and for a further period of three (3) years after termination/expiry of the Agreement.  In any event, however, the obligations of each Party to maintain the confidentiality of the Confidential Information it has received under this agreement shall continue indefinitely as to Confidential Information constituting a trade secret under applicable law. ",1012887_0001193125-07-165503_dex99d6.htm,test
64,Yes,"Notwithstanding such delivery or destruction of the Evaluation Material, you agree that you and your Representatives will continue to be bound by your obligations under this Agreement.  Notwithstanding the foregoing,  (i) you and your Representatives will not be required to delete, erase or destroy any Evaluation Material contained in an archived computer backup system stored as a result of automated back-up procedures (it being agreed that you and your Representatives will not access such archived computer files containing any such Evaluation Material after such delivery or destruction is otherwise required) and  (ii) you and/or your Representatives may retain one copy of the Evaluation Material (and may only access any such Evaluation Material) to the extent and for so long as such retention and access by you or such Representative, as applicable, is required by law or regulation; provided, however, that in the case of each of clauses  (i) and  (ii) of this sentence, notwithstanding any other provision of this Agreement, you and your applicable Representatives will continue to be bound by the terms of this Agreement as if it were in full force and effect with respect to any such Evaluation Material for so long as you or your applicable Representatives retain any such Evaluation Material. 16. Except as otherwise provided herein, the obligations of the parties under this Agreement will terminate eighteen (18) months from the date hereof, provided that such termination will not relieve any party from its responsibilities in respect of any breach of this Agreement prior to such termination. ",1020416_0001193125-16-701566_d250247dex99d2.htm,test
65,Yes,"Employee acknowledges that a Banking Organization is entitled to the full post-termination restrictions on the activities set forth in Sections 5 and 6, as applicable.  Except as set forth below, the covenants in Sections 4, 5, 6 and 23 shall survive the termination of Employee’s employment with a Financial Institution regardless of the reason for termination.  If the Merger is not consummated and the Merger Agreement is terminated, Sections 4, 5, 6 and 23 shall survive with respect to First Financial and the Bank, but shall not survive with respect to HopFed or Heritage. ",1041550_0001193125-19-004977_d663808dex106.htm,test
66,Yes,"Notwithstanding the return or destruction of Confidential Information, Company and its Representatives shall continue to be bound by the obligations hereof. 12. This Agreement shall commence as of the Effective Date and shall terminate one (1) year thereafter, unless earlier terminated upon 30 days written notice to the other Party; provided, however, that the duties set forth in paragraphs 9 and 13 shall survive for the periods set forth in paragraphs 9 and 13 and the Company’s duties and obligations to protect Confidential Information disclosed during the term (or any extension) of this Agreement shall survive the termination or expiration of this Agreement for a period of five (5) years.  Notwithstanding the foregoing, Company’s duties and obligations to protect a trade secret disclosed hereunder shall survive the termination or expiration of this Agreement indefinitely. The expiration of the Non-Solicitation Period will not terminate or otherwise affect any of the other provisions of this Agreement. ",1049210_0001047469-13-009461_a2216846zex-99_d3.htm,test
67,Yes,"Notwithstanding the return or destruction of the Evaluation Material, each party and its Representatives will continue to be bound by its obligations of confidentiality.  This Agreement and all rights and obligations hereunder shall terminate on the second anniversary of the Effective Date; provided, however, that sections 4, 5 and 7 through 12 shall survive any termination of this Agreement. ",1084817_0001193125-14-004957_d648340dex99e2.htm,test
68,Yes,"Notwithstanding the return or destruction of Evaluation Material, Investor will continue to be bound by its obligations of confidentiality hereunder respecting Evaluation Material, including without limitation, with respect to oral Evaluation Material and their obligation not to use any Evaluation Material for any purpose other than as specifically permitted in this Agreement. ",1096147_0001193125-08-206038_dex4.htm,test
69,Yes,"Notwithstanding the return, destruction or erasure of Evaluation Material hereunder, the Receiving Party and its Representatives shall continue to be bound by their confidentiality and other obligations hereunder. ",1109551_0000912057-02-024714_a2082535zex-99_d3.htm,test
70,Yes,"Notwithstanding the return or destruction of Proprietary Information required by this Paragraph 2, for the duration of the term of this Agreement, the Receiving Party and its Representatives shall continue to be bound by all duties and obligations hereunder in accordance with the terms hereof. ",915191_0001047469-17-003155_a2231967zex-99_8.htm,test
71,Yes,"Notwithstanding the return or destruction of the Evaluation Material, Recipient and its Representatives will continue to be bound by such Recipient’s obligations hereunder with respect to such Evaluation Material. ",1316898_0001047469-18-005618_a2236490zex-99_d2.htm,test
72,Yes,"The provisions herein concerning the disclosure, protection and use of Confidential Information, including Sections 3, 4, 7 and 9, shall survive the termination or expiration of this Agreement.  The non-solicit and standstill obligations shall remain in effect as provided in Sections 13 or 14, as applicable. ",1402305_0001193125-11-343865_d268167dex99d2.htm,test
73,Yes,The Recipient’s obligations under Section 2 hereof shall survive the return of such tangible embodiments of Confidential Information until termination of this Agreement.  ,1457829_0000898822-13-000086_exhibit-ndaexecutionversion.htm,test
74,No,"Each party shall disclose Confidential Information only to those officers, directors, employees and contractors who are required to have the information in order to evaluate or engage in discussions concerning the contemplated business relationship, and such party shall remain responsible for compliance with the terms of this Agreement by its officers, directors, employees and contractors. ",Mutual-Non-Disclosure-Agreement-Inventor-Product-Development-Experts-Inc..pdf,test
75,No,"As a condition to each party furnishing the Evaluation Material to the other party and the directors, officers, employees, agents or advisors of such party or its subsidiaries or other affiliates (collectively, “Representatives”), each party agrees that the Evaluation Material furnished to it hereunder shall be treated in accordance with the terms of this Agreement. Each party agrees that, without the prior written consent of the other party, neither it nor its Representatives will disclose to any other person (other than to such party’s Representatives who agree, or are otherwise bound, not to disclose the following except as contemplated by this Agreement) any of the other party’s Evaluation Material, the fact that discussions between the parties are taking place concerning the Transaction, or any terms or other facts relating to the Transaction.  Except as otherwise provided in this Agreement, the Evaluation Material shall only be used by a party and its Representatives to evaluate, negotiate, facilitate or pursue a Transaction. ",1084817_0001193125-14-004957_d648340dex99e2.htm,test
76,No,"7. Raphael my at any time request the List be completely destroyed, scratched, and purged from all media, including electronic storage, disk, tape, and printed documents. In the event ListFusion discontinues services, the List will be returned to Raphael and then completely destroyed, scratched, and purged from all media, including electronic storage, disk, tape, and printed documents in possession of ListFusion. ",1367408_0001367408-06-000002_risb2ex106.htm,test
77,No,(b) Nothing in this Agreement will prohibit Receiving Party from disclosing Confidential Information of Disclosing Party if legally required to do so by judicial or governmental order or in a judicial or governmental proceeding (“Required Disclosure”); provided that Receiving Party shall:  (i) give Disclosing Party reasonable notice of such Required Disclosure prior to disclosure;  ,amc-general-mutual-non-disclosure-agreement-en-gb.pdf,test
78,No,"Company shall only disseminate Confidential Information to such of its Representatives with a special need to know for carrying out the Purpose of this Agreement.  “Representative” means any employee, consultant, contractor, officer, agent, advisor, and/or director of a Party.  ",1049210_0001047469-13-009461_a2216846zex-99_d3.htm,test
79,No,"Upon termination of the Agreement, Independent Contractor shall redeliver all tangible Confidential Information furnished by the Company.  Except to the extent Independent Contractor is advised in writing by counsel that such action is prohibited by law, Independent Contractor will also destroy all written material, memoranda, notes, and other writings or recordings whatsoever prepared by it based upon, containing, or otherwise reflecting any Confidential Information.  ",1043003_0000950170-98-000097_document_12.txt,test
80,No,"We will treat confidentially any information (whether written or oral) that either the Company or its financial advisor, J.P. Morgan & Co. Incorporated (""JPM""), or the Company's other representatives furnish to us in connection with a Possible Transaction involving the Company, together with analyses, compilations, studies or other documents prepared by us, or by our representatives (as defined below) which contain or otherwise reflect such information or our review of, or interest in, the Company (collectively, the ""Evaluation Materials"").  The term ""Evaluation Materials"" includes information furnished to us orally or in writing (whatever the form or storage medium) or gathered by inspection, and regardless of whether such information is specifically identified as ""confidential"".  ",96238_0000950116-97-001823_document_13.txt,test
81,No,(c) Confidential Information does not include any information that Receiving Party can document:  (iii) is independently developed by Receiving Party without use of or reference to the Confidential Information of Disclosing Party; or  ,amc-general-mutual-non-disclosure-agreement-en-gb.pdf,test
82,No,"Each party shall, upon the completion of the purpose of this Agreement or request by the other party, return all materials received or obtained under this Agreement, including Confidential Information, and all copies and all documents containing any portion of any Confidential Information. ",NDAMutualTemplateClientFill.pdf,test
83,No,"5.1. Upon the Disclosing Party’s written request, the Receiving Party shall (as requested by the Disclosing Party) either return to the Disclosing Party or destroy (provided that any such destruction shall be confirmed in writing by the Receiving Party) all Confidential Information of the Disclosing Party including all copies, reproductions, notes, extracts and summaries which include, reflect, incorporate or otherwise contain the Disclosing Party’s Confidential Information whether in tangible form or otherwise, such as electronic mail or computer files. 5.2. Clause 5.1 of this Agreement shall not apply to: a) Confidential Information held electronically in archive or back-up systems which are not otherwise reasonably retrievable by the Representatives of the Receiving Party or its Affiliates; or b) Copies of Confidential Information which must be retained by the Receiving Party pursuant to applicable law. 5.3. The provisions of this Agreement shall continue to apply to any documents and materials retained by the Receiving Party pursuant to clause 5.2 of this Agreement. ",5-NSK-Confidentiality-Agreement-for-Suppliers.pdf,test
84,No,"As a condition to the Confidential Information being furnished to the Receiving Party and the directors, officers, principals, partners, members, employees, agents, consultants, related investment funds, advisors, attorneys, accountants, affiliates, potential sources of capital and financing, and financial advisors (collectively, “Representatives”) of the Receiving Party, the Receiving Party agrees to treat the Confidential Information strictly in accordance with the provisions of this Agreement and to otherwise comply, and to cause its Representatives to comply, with all obligations hereinafter set forth. The Receiving Party shall, and shall cause its Representatives to, keep the Confidential Information in confidence and shall not disclose any of the Confidential Information in any manner whatsoever; provided, however, that  (iii) any information contained in the Confidential Information may be disclosed to the Receiving Party’s Representatives who reasonably require access to such information for the purpose of evaluating a possible Transaction and who agree to keep such information in confidence to the same extent as described herein; provided, further, that the Receiving Party shall not make any disclosure of any Confidential Information to any potential sources of equity financing without the Company’s prior written consent.  ",912263_0001047469-12-006662_a2209873zex-99_d2.htm,test
85,No,"The term ""Confidential Information"" does not include information which  (iii) becomes available to the Receiving Party on a non-confidential basis from a source other than the Furnishing Party, provided that such source is, to the best of the Receiving Party's knowledge, not bound by a confidentiality agreement with the Furnishing Party or otherwise prohibited from transmitting the information to the Furnishing Party by a contractual, legal or fiduciary obligation. ",1095558_0000944209-00-000518_document_3.txt,test
86,No,5. Confidential Information shall not be reproduced by Company in any form except as required to accomplish the intent of this Agreement.  ,1049210_0001047469-13-009461_a2216846zex-99_d3.htm,test
87,No,"2. Each party agrees that at all times until termination or expiration of this Agreement it will hold in strict confidence and not disclose to any third party Confidential Information of the other, except as approved in writing by the other party to this Agreement, and will use the Confidential Information for no purpose other than evaluating or pursuing a business relationship with the other party to this Agreement.  ",1011671_0000936392-99-000246_document_46.txt,test
88,No,"4. The Company shall have no obligations to Verenium with respect to the use of such information, or disclosure to others not party to this Agreement, of such information which:  (d) is rightfully and in good faith developed by Company independently of any disclosures made under this Agreement, as evidenced by Company’s competent written records; or  ",1049210_0001047469-13-009461_a2216846zex-99_d3.htm,test
89,No,"Representative(s): means employees, agents, officers, professional advisers and Affiliates of the Recipient Party. In consideration of the mutual disclosure of Confidential Information the Recipient Party undertakes:- (d) not at any time, whether the negotiations proceed or not, to copy, disclose or otherwise make available to any third party without the written consent of the Disclosing Party, any of the Confidential Information of the Disclosing Party other than to its Representatives who are required for the Purpose to receive and consider the Confidential Information provided that the Recipient Party informs its Representatives of the confidential nature of the Confidential Information before disclosure and procures that its Representatives shall, in relation to any Confidential Information disclosed to them, comply with this Agreement as if they were the Recipient Party and the Recipient Party shall at all times be liable for the failure of any Representative to comply with the terms of this Agreement; ",Aspiegel_NDA_template.pdf,test
90,No,"(a) This Non-Disclosure  Agreement shall not apply to Information that, (iii) is rightfully acquired by Recipient or its Representative(s) from a third party who is not under any obligation of confidence with respect to such Information, or ",appendix-g-nda-form.pdf,test
91,No,"In addition, Confidential Information shall include all terms and conditions of this Agreement including the fact that the parties are having discussions in order to determine the feasibility of a commercial relationship. ",Non-Disclosure-form_1.pdf,test
92,No,"Recipient agrees that if it or any of its Representatives are required by law, by a court or by other governmental or regulatory authorities (including, without limitation, by oral question, interrogatory, request for information or documents, subpoena, civil or criminal investigative demand or other process) to disclose any of Disclosing Party’s Information, Recipient shall provide Disclosing Party with prompt notice of any such request or requirement, to the extent permitted to do so by applicable law, so that Disclosing Party may seek an appropriate protective order or waive compliance with the provisions of this Non-Disclosure Agreement.  ",appendix-g-nda-form.pdf,test
93,No,"2. As used herein, “Confidential Information” shall mean all information furnished by the Disclosing Party or its Representatives (defined below) to the Receiving Party or its Representatives, whether orally, in writing, electronically or in other tangible form, and identified as confidential or proprietary at the time of disclosure by the Disclosing Party or otherwise disclosed in a manner such that a reasonable person would understand its confidential nature, including but not limited to, information that is related to:  ",1402305_0001193125-11-343865_d268167dex99d2.htm,test
94,No,"You agree that the Evaluation Material owned by the Company or its affiliates in the first instance is and will remain the property of the Company or its affiliates, as applicable, and that neither the Company nor any of its affiliates or Representatives has granted you any license, copyright, or similar right with respect to any of the Evaluation Material or any other information provided to you by or on behalf of the Company. ",1020416_0001193125-16-701566_d250247dex99d2.htm,test
95,No,"3. In consideration of each and every disclosure of CONFIDENTIAL INFORMATION, the Parties agree to: (c) make no disclosures of any CONFIDENTIAL INFORMATION to any party other than officers and employees of a Party to this IRA; (d) limit access to CONFIDENTIAL INFORMATION to those officers and employees having a reasonable need for such INFORMATION and being boUnd by a written obligation to maintain the confidentiality of such INFORMATION; and ",1084000_0001144204-06-046785_v056501_ex10-16.txt,test
96,No,"c. The obligations specified in this Article shall not apply to Information for which the receiving Party can reasonably demonstrate that such Information: iii. becomes known to the receiving Party through disclosure by sources other than the disclosing Party, having a right to disclose such Information, ",CA-Nov14-Doc.5.14%20-%20Template%20Confidentiality%20Agreement.pdf,test
97,No,"The term “Confidential Information” as used herein means all nonpublic information relating to the Subject Matter that is disclosed by either party, its Affiliates (as defined below), or their agents (where applicable, collectively referred to as the “Disclosing Party”), directly or indirectly, in writing, orally or by inspection of premises or tangible objects to the other party (the “Recipient”) that is:  ",01_Bosch-Automotive-Service-Solutions-Mutual-Non-Disclosure-Agreement-7-12-17.pdf,test
98,No,"3. Promptly upon receipt of a written request by the Disclosing Party at any time (which will be effective if actually received or three days after mailed first class postage prepaid to the Receiving Party’s address herein), the Receiving Party will turn over to the Disclosing Party, or, at its sole discretion, destroy and certify to the Receiving party in writing the destruction of all Proprietary Information of the Disclosing Party and all documents or media containing any such Proprietary Information and any and all copies or extracts thereof; provided, however, the Company and its Representatives shall not be obligated to return or destroy Proprietary Information to the extent otherwise required by law, regulation, rule or practice governing professionals or any internal compliance policy or procedure required by law, regulation rule of practice governing professionals.  ",1062478_0001193125-14-442753_d838170dex3.htm,test
99,No,"The Receiving Party and its Representatives may make disclosures required by court order or any legal or judicial process, without any liability hereunder, provided the Receiving Party uses reasonable efforts to limit disclosure and to obtain confidential treatment or a protective order and has allowed the Disclosing Party to participate  ",1062478_0001193125-14-442753_d838170dex3.htm,test
100,No,"2. Except as expressly permitted herein,  Recipient shall not disclose Confidential Information and shall prevent the disclosure of such information by Recipient or its affiliates and their respective employees, directors, counsel, advisors, agents and independent contractors (all of which collectively ""Representatives"") by using the same degree of care to keep confidential the Confidential Information as it uses to keep confidential its own confidential information.  4. Recipient shall disclose Confidential Information only to those of its Representatives who have a need to know such information for the Permitted Purpose. ",768384_0000912057-00-018619_document_8.txt,test
101,No,7. Confidential Information shall not include information which is: c. Lawfully obtained by the Receiving Party from a third party without restrictions as to use and disclose;  ,non-disclosure-agreement-en.pdf,test
102,No,Receiving Party's obligations under this Agreement do not extend to information that is:  (c) learned by the Receiving Party through legitimate means other than from the Disclosing Party or Disclosing Party's representatives; or  ,Basic-Non-Disclosure-Agreement.pdf,test
103,No,"Without granting any right or license, the Disclosing Party agrees that the foregoing clauses  (i),  (ii),  (iii) and  (v) shall not apply with respect to all obligations after five (5) years following the disclosure thereof or any information that the Receiving Party can document  (iv) was independently developed without use of any Proprietary Information of the Disclosing Party by employees of the Receiving Party who can be demonstrated to have had no access to such information.  ",1002276_0001036050-99-002047_document_13.txt,test
104,No,"The disclosing Party shall retain all right, title and interest in and to the Confidential Information, including all intellectual property represented thereby or associated therewith, and no license or assignment, by implication, estoppel or otherwise, is granted by the disclosing Party to the receiving Party to make, have made, use, or sell any product using the Confidential Information, or a license under any patent, patent application, utility model, copyright, trade secret, trademark, service mark or any other similar industrial or intellectual property right.  ",Confidentiality_Non-Disclosure_Agreement.pdf,test
105,No,"You will treat confidentially any information (whether written or oral) that either we or our financial advisor, Mesirow Financial, Inc. (“Mesirow”), or our other representatives furnish to you in connection with a Possible Transaction, together with analyses, compilations, studies or other documents prepared by you, or by your representatives (as defined hereinafter) which contain or otherwise reflect such information or your review of, or interest in, the Company (collectively, the “Evaluation Materials”).  The term “Evaluation Materials” includes information furnished to you orally or in writing (whatever the form or storage medium) or gathered by inspection, and regardless of whether such information is specifically identified as “confidential”.  ",814457_0000950137-04-009790_c89545exv99wxdyx6y.htm,test
106,No,2. Both Parties shall III. use the Information only for the Business Purpose unless the Disclosing Party gives its prior written consent to such Information being used for some other agreed purpose; ,ADVANIDE-NON-DISCLOSURE-AGREEMENT.pdf,test
107,No,"If a Recipient or its Representatives are requested or required (by oral questions, interrogatories, other requests for information or documents in legal proceedings, subpoena, civil investigative demand or other similar process) to disclose any of the Evaluation Material or any of the facts disclosure of which is prohibited under Section 4 above, such Recipient shall provide Provider with prompt written notice of any such request or requirement together with copies of the material proposed to be disclosed so that Provider may seek a protective order or other appropriate remedy and/or waive compliance with the provisions of this Agreement.  ",1316898_0001047469-18-005618_a2236490zex-99_d2.htm,test
108,No,"Confidential Information shall not, however, include any information which  (iv) is obtained by the receiving party from a third party without a breach of such third party's obligations of confidentiality;  ",Mutual-Non-Disclosure-Agreement-Inventor-Product-Development-Experts-Inc..pdf,test
109,No,"At any time upon the written request of the Company, Investor will, at its own expense, (i) reasonably promptly redeliver to the Company or, at the at Investor’s option, destroy all copies (including permanently erasing or deleting any electronic copies) of the Evaluation Material in the possession or control of Investor or any of its Representatives and ",1096147_0001193125-08-206038_dex4.htm,test
110,No,"The following types of information, however marked, are not confidential information.  Information that:  Is independently developed; or ",BCG-Mutual-NDA.pdf,test
111,No,The receiving party shall not make any copies of Confidential Information received from the disclosing party except as necessary for its employees with a need to know.  ,883905_0001095811-01-000469_f68556ex99-d12.txt,test
112,No,"5. The ETI shall be entitled to disclose or make available any Information it receives from the Respondent to: a. such of the ETI Affiliates, and either the ETI’s or the ETI Affiliates’ employees, officers, secondees, agents, consultants, sub-contractors, proposed sub-contractors, professional advisers and proposed professional advisers where such disclosure is necessary for the Purpose, provided that all such aforementioned persons to whom any Information is disclosed by the ETI are bound by obligations of confidentiality and the ETI shall be responsible for breaches of the obligations by such persons and each ETI Affiliate may enforce this clause in accordance with the Contracts (Rights of Third Parties) Act 1999; and 7. Each Respondent shall be entitled to disclose or make available any Information it receives from the ETI or any other Respondent to such of its employees, officers, consultants, sub-contractors, proposed sub-contractors, proposed funders, proposed owners or lessors of sites for the Project, owners or licensors of Third Party IP and professional advisers where such disclosure is necessary for the Purpose provided that all such persons to whom any Information is disclosed are bound by written obligations that are no less restrictive than those in this Agreement.  8. Each Respondent shall be entitled to disclose or make available any Information it receives from the ETI to any other Respondent where it is necessary for the Purpose. ",CCS-Salt-Cavern-RfP-NDA.pdf,test
113,No,"(a) Each of PictureTel and Polycom shall  (ii) not disclose the Confidential Information to any third party, except for disclosures to its directors, executive officers and representatives of its advisors (such as independent accountants, investment bankers, consultants and attorneys) acting on its behalf (collectively, its ""Representatives"") who in each case, in such party's reasonable judgment, need to know such information for the purpose of evaluating a possible Transaction and who are set forth on Annex A hereto, as it may be amended by the parties from time to time;  ",1010552_0000912057-01-520246_a2051644zex-99_20.htm,test
114,No,"1.1 “Confidential Information” refers to: 1.1.1  In respect of Information provided in documentary form or in other electronic form, Information which at the time of provision is marked or otherwise designated to show expressly or by necessary implication that is imparted in confidence; 1.1.2  In respect of Information that is imparted orally, any Information that the Discloser or its representatives informed the Recipient at the time of disclosure was imparted in confidence; ",NonDisclosureAgreementNDASAMITT20190002v2.pdf,test
115,No,The obligations under the NDA do not apply to information of the Disclosing Party which is: c) disclosed to the Receiving Party by a third party having the right to disclose Confidential Information and without restrictions as to use or disclosure; or ,54c808c1b20e4490b1300ad2ce3b9649.pdf,test
116,No,"Permitted Recipients means those persons who have a need to know the Confidential Information for the Permitted Purpose and who are officers, directors, employees, agents or contractors (at any level) of the Receiving Party or its affiliates, or anyone else for whom the Receiving Party takes responsibility for under this Agreement. ",CON-NDA-PTL-01-2012-v1%20Non-Disclosure%20Agreement%20and%20Checklist.pdf,test
117,No,"The obligations of a Recipient under Section 1.1 hereof shall not apply to the following: 2.3. Any Information which is obtained, other than in connection with the Matter, from any individual, firm or entity which had the unrestricted right to disclose it; ",65781_0000950123-00-009565_y41542ex99-d_3.txt,test
118,No,"Further, ___________________ , agrees not to use, either directly or indirectly any of the material, ideas, objects or portions thereof of said trade secret or property disclosed by Navidec, Incorporated in any manner whatsoever without the prior written consent of Navidec, Incorporated. ",1023734_0000912057-96-023266_document_16.txt,test
119,No,"4. Neither party may print or copy, in whole or in part, any documents or magnetic media containing any Conﬁdential Information without the prior written consent of the other party other than copies for employees or consultants who are working on the matter and have a need to know. ",Non-Disclosure-Agreement-NDA.pdf,test
120,No,"3. The Recipient hereby recognizes and acknowledges the competitive value and confidential nature of the Confidential Information and the damage that would result to the Company, if any of the Confidential Information is disclosed to any third party.  ",Confidentiality%20Agreement.pdf,test
121,No,"The RECEIVING PARTY and its employees, officers, agents and affiliates shall hold the CONFIDENTIAL INFORMATION in confidence and take all reasonable steps to preserve the confidential and proprietary nature of the CONFIDENTIAL INFORMATION, including, without limitation:  (i) refraining from disclosing the CONFIDENTIAL INFORMATION to persons within its organization not having a reason to know, and all persons outside its organization unless they have a reason to know and are bound by fiduciary duties of confidentiality to the RECEIVING PARTY; and  ",AGProjects-NDA.pdf,test
122,No,"3. Each party agrees and undertakes that it shall not, without first obtaining the written consent of the other, disclose or make available to any person, reproduce or transmit in arty manner, or use (directly or indirectly) for its own benefit or the benefit of others, any Confidential Information save and except both parties may disclose any Confidential Information to their Affiliates, directors, officers, employees or advisors of their own or of Affiliates on a “need to know” basis to enable them to evaluate such Confidential Information in connection with the negotiation of the possible business relationship; provided that such persons have been informed of, and agree to be bound by obligations which are at least as strict as the recipient’s obligations hereunder.  16. Nothing in this Agreement is intended to confer any rights/remedies under or by reason of this Agreement on any third party. ",1012887_0001193125-07-165503_dex99d6.htm,test
123,No,"The confidential, proprietary and made secret information of the disclosing party (""Confidential Information"") to be disclosed hereunder is that information which  (i) is described in the Confidential Information Transmittal Record (""CITR"") executed from time to time hereafter and  (ii) is marked with a ""confidential"", ""proprietary"", or similar legend. Any copies which are made will be identified as belonging to the disclosing party and marked ""confidential"", ""proprietary"", or with a similar legend. ",934545_0000891618-99-004640_document_2.txt,test
124,No,"1. In consideration of the disclosure of Proprietary Information by the Disclosing Party, the Receiving Party hereby agrees:  (iv) not to copy or reverse engineer any such Proprietary Information.  ",LMS_Non_Disclosure_Agreement.pdf,test
125,No,"Contemplate one or more meetings and various communications that will involve the disclosure by one of the parties [DISCLOSING PARTY] to the other party [RECEIVING PARTY] of technical, business, marketing, planning, pricing and other information and data, in written, oral, electronic, magnetic, photographic and/or other forms, including information and data regarding Internet-based transport solutions  (Collectively CONFIDENTIAL INFORMATION). ",AGProjects-NDA.pdf,test
126,No,"The Receiving Party shall carefully restrict access to the Confidential Information to those of its officers, directors and employees who clearly need such access in order to participate on behalf of the Receiving Party in the analysis and negotiation of a business relationship or any contract or agreement, or the advisability thereof, with the Disclosing Party and who are bound by written confidentiality agreements that protect third party information.  ",MUTUAL_NDA.pdf,test
127,No,"6. The confidentiality agreement does not apply to statements of the company Helukabel in its catalogues, datasheets and on the homepage and also not to information which a) the receiving party was already aware of or which was developed by the disclosing party itself independent of the disclosure, ",Confidentiality_Agreement_1.pdf,test
128,No,"3. If GSEnergy desires to use individuals not employed by GSEnergy, GSEnergy shall not disclose Information to these individuals without obtaining prior written approval from the Company and having appropriate non-disclosure agreements signed in form and substance satisfactory to the Company. ",71297_0000071297-97-000059_document_6.txt,test
129,No,"The term ""Confidential Information"" as used herein means all trade secrets or confidential or proprietary information of either party, whether or not marked “Confidential”, whether in written or oral form, relating to such party's business or technology, including without limitation, its products, customer data, development and marketing plans, and financial information.  ",Non-Disclosure-form_1.pdf,test
130,No,"If Confidential Information is disclosed in oral form, the Discloser shall identify it as confidential at the time of disclosure and thereafter summarize it in writing and transmit such summary to the Recipient within thirty (30) days of the oral disclosure. ",1011344_0001193125-08-097987_dex99d5.htm,test
131,No,"____________________ , agrees that, in consideration for being shown or told about certain trade secrets or property belonging to Navidec, Incorporated, ____________________, shall not disclose or cause to be disclosed, disseminated or distributed any information concerning said trade secret or property to any person, entity, business or other individual or company without the prior written permission of Navidec, Incorporated. ",1023734_0000912057-96-023266_document_16.txt,test
132,No,"4.1. The provisions of this Agreement shall not apply to information: 4.1.4. which is required to be disclosed by law, provided that, to the extent the Receiving Party is not prohibited from doing so by law, it undertakes to give the Disclosing Party not less than two business days’ notice of such requirement of disclosure and, to such extent, will make such disclosure in the manner and with the content agreed by the Disclosing Party. ",mutual-non-disclosure-agreement.pdf,test
133,No,"4. Except as otherwise provided in this Agreement, without the prior written consent of the Disclosing Party, Recipient shall not disclose to any person or entity (other than its Representatives who are involved in its evaluation of the Purpose) any information with respect to the occurrence or content of any discussions or negotiations between the Parties. ",NDA-Template-Media-News-Group-inc.pdf,test
134,No,"The Confidential Information must not be copied, reproduced, distributed, stored digitally or by other means, or passed to others at any time other than in accordance with this Confidentiality Agreement or with the prior written consent of Transnet. ",BT_NDA.pdf,test
135,No,"Upon the termination of the business relationship or upon request, whichever is sooner, each party shall return all of the other's Conﬁdential Information, certifying destruction of any copies or partial copies made. ",Non-Disclosure-Agreement-NDA.pdf,test
136,No,"Confidential Information means any information in whatever form (whether in writing, electronic or digital form, verbally or by inspection of documents, computer systems or sites or pursuant to discussions or by any other means ) which is confidential in nature, designated orally or in writing by the Disclosers as confidential or which may reasonably be considered by a business person to be commercially sensitive provided by the Disclosers (directly or indirectly) by any means to the Recipient (or to any Authorised Person) including without limitation via its legal representatives before or after the date of this Agreement in connection with or in anticipation of the Purpose including: ",NDA_Street_Stream_Franchise.pdf,test
137,No,"2. All the information that  (i) is written and marked as CONFIDENTIAL, or  (ii) is disclosed verbally, and at the time of its disclosure, the Disclosing Party's identify such information to be protected in accordance with this Agreement (""Confidential Information""), shall be considered confidential and restricted property of the Disclosing Party. 5. The Receiving Party agrees for the period specified in Section 13 that it will: a. Restrict disclosure of the Confidential Information to the minimum required number of people (such as employees, directors, officers, legal counsels, accountants or consultants who shall also be personally bound to maintain the Information in confidence); ",non-disclosure-agreement-en.pdf,test
138,No,"Without limiting the aforesaid, the existence of discussions between the Parties regarding the Proposed Transaction shall constitute Confidential Information hereunder. a. The Receiving Party shall hold confidential and not disclose to any Person, without the prior written consent of the Disclosing Party, all Confidential Information and any information about the Proposed Transaction, or the terms or conditions or any other facts relating thereto, including, without limitation, the fact that discussions are taking place with respect thereto or the status thereof, or the fact that Confidential Information has been made available to the Receiving Party or its Representatives; provided, however, that the Receiving Party may disclose such Confidential Information to its Representatives who are actively and directly participating in its evaluation of the Proposed Transaction or who otherwise need to know the Confidential Information for the purpose of evaluating the Proposed Transaction; All media releases, public announcements and other disclosures by either Party relating to this Agreement or the subject matter hereof, including promotional or marketing material, but excluding announcements intended solely for internal distribution or to meet legal or regulatory requirements, shall be coordinated with and approved by the other Party prior to release.  ",916457_0000916457-14-000028_exhibit104-confidentiality.htm,test
139,No,"3. Information does not include, however, information which  (c) is independently developed by the Receiving Party; or  ",eHandshake_Non_Disclosure_Agreement.pdf,test
140,No,"(a) Recipient shall receive all Information in strict confidence, shall exercise reasonable care to maintain the confidentiality and secrecy of the Information, and, except to the extent expressly permitted by this Non-Disclosure Agreement, shall not divulge Information to any third party without the prior written consent of Disclosing Party.  ",appendix-g-nda-form.pdf,test
141,No,"a. ""Confidential Information"" shall mean all confidential or proprietary written, recorded, electronic or oral information or data (including without limitation research, developmental, engineering, manufacturing, technical, marketing, sales, financial, operating, performance, cost, business and process information or data, trade secrets, discoveries, ideas, designs, data, source code, object code, processes, computer programs, developments, flow diagrams, know-how, and computer programming and other software and software techniques) provided (whether such confidentiality or proprietary status is indicated orally or in writing, whether or not the specific words ""confidential"" or ""proprietary"" are used) to a Party (the “Receiving Party”) by the other Party (the “Disclosing Party”) in the course of the exchange of such information or data between the Parties.  ",916457_0000916457-14-000028_exhibit104-confidentiality.htm,test
142,No,"Each party agrees that, without the prior written consent of the other party, neither it nor its Representatives will disclose to any other person (other than to such party’s Representatives who agree, or are otherwise bound, not to disclose the following except as contemplated by this Agreement) any of the other party’s Evaluation Material, the fact that discussions between the parties are taking place concerning the Transaction, or any terms or other facts relating to the Transaction.  ",1084817_0001193125-14-004957_d648340dex99e2.htm,test
143,No,This Clause [3] imposes no obligations upon the Recipient with respect to Confidential Information which: [(c) is obtained by the Recipient from a third party in circumstances where the Recipient has no reason to believe that there has been a breach of a duty of confidence.] ,NDA-Urban_Wind_Turbines.pdf,test
144,No,All disclosures of Confidential Information (whether written or oral) by Party One and Party Two shall  (b) be disclosed only to employees of Party Two who have executed written confidentiality agreements with the employer; and  ,NDAMutualTemplateClientFill.pdf,test
145,No,"Employee shall not, directly or indirectly, use any Confidential Information for any purpose other than the benefit of a Banking Organization, and shall not directly or indirectly, disclose, communicate, deliver, exhibit or provide any Confidential Information to any Person, except other Employees or Agents of a Banking Organization who have a need to know such Confidential Information for a proper corporate or business purpose, as required in the normal course of Employee’s service as an employee.  ",1041550_0001193125-19-004977_d663808dex106.htm,test
146,No,"Disclosure of the Confidential Information may be made only to employees, agents or independent contractors of a Party who are directly involved in consideration of the transaction, which is the subject of this Agreement and who are bound to maintain its confidence. ",Confidentiality_Non-Disclosure_Agreement.pdf,test
147,No,"(a) This Non-Disclosure  Agreement shall not apply to Information that, (iv) is developed by Recipient or its Representatives independently of the Information disclosed hereunder by or on behalf of Disclosing Party (as evidenced by written documentation). ",appendix-g-nda-form.pdf,test
148,No,2. The Receiving Party shall with regard to any Information disclosed pursuant to this Agreement by or on behalf of a Disclosing Party on or after the Effective Date: b. make copies of the Information (or any further information derived from the Information) in whatever form or medium only to the extent that the copies are reasonably necessary for the Purpose and clearly mark all such copies as confidential; ,Bio-FIP-EOI-NDA.pdf,test
149,No,Recipient agrees to limit disclosure of Confidential Information to employees and employees of Affiliates having a specific need to know such Confidential Information for the Purpose and in the case of Affiliates only to the extent that such Affiliate is under obligation to hold such information in confidence and is made aware of these terms and conditions.  ,01_Bosch-Automotive-Service-Solutions-Mutual-Non-Disclosure-Agreement-7-12-17.pdf,test
150,No,"(a) All information that is furnished directly or indirectly by the Disclosing Party or any of its Representatives (as defined below), whether or not marked as confidential and whether furnished before or after the date hereof, whether in oral, written or electronic form, together with any notes, reports, summaries, analyses, compilations, forecasts, studies, interpretations, memoranda or other materials prepared by the Receiving Party or any of its Representatives that contain, references to or are based upon, in whole or in part, any information so furnished to the Receiving Party or any of its Representatives pursuant hereto (such notes, reports, summaries, analyses, compilations, forecasts, studies, interpretations, memoranda or other materials are referred to herein as “Derivative Materials”), is referred to herein as “Proprietary Information”.  ",915191_0001047469-17-003155_a2231967zex-99_8.htm,test
151,No,"YOU AGREE WITH US: C) not to use the Confidential Information in whole or in part, either during or after the discussions relating to the Proposed Transaction, for any purpose apart from in connection with our discussions relating to the Proposed Transaction. ",Business-Sale-Non-Disclosure-Agreement.pdf,test
152,No,Each party shall only permit access to Confidential Information of the other party to those of its employees or authorized representatives having a need to know and who have signed confidentiality agreements or are otherwise bound by confidentiality obligations at least as restrictive as those contained herein. ,1011671_0000936392-99-000246_document_46.txt,test
153,No,"The Recipient shall refrain from directly or indirectly disclosing any of the Confidential Information to any person, firm, fund, or entity, or knowingly making any Confidential Information available to any others for any use (other than as permitted by this Agreement).  In furtherance and not in limitation of the foregoing provisions, the Recipient shall: (a) Restrict disclosure of the Confidential Information only to those of the persons as may be absolutely necessary; ",Attachment B - Intent to Propose and Non-Disclosure Agreement.pdf,test
154,No,(a) Each of PictureTel and Polycom shall  (i) use the Confidential Information obtained from the other solely for the purpose of evaluating a possible Transaction and for no competitive or other purpose;  ,1010552_0000912057-01-520246_a2051644zex-99_20.htm,test
155,No,"Confidential Information does not include information, which is shown by clear and convincing evidence to be  (iv) independently developed by the receiving Party;  ",Confidentiality_Non-Disclosure_Agreement.pdf,test
156,No,5.1 Each Party acknowledges and agrees that it shall not acquire by implication or otherwise any right or licence on or title to any Confidential Information communicated by or acquired from the other Party; ,Aspiegel_NDA_template.pdf,test
